,overall,asin,reviewText,unixReviewTime,vote,reviewLength,wordLength
7818635,5,6301972392,Love these cartoons,1481673600,,19,5.666666666666667
7818636,5,6301972392,i love this cartoon,1439424000,,19,4.0
7818637,4,6301972392,A must for the Pink Panther fan.,1410912000,,32,3.7142857142857144
