,overall,asin,reviewText,unixReviewTime,vote,reviewLength,wordLength
7813773,5,6301649710,Great,1486512000,,5,5.0
7813774,5,6301649710,"Vanna in her 80's prime , I'm GUILTY !",1444003200,,38,3.3333333333333335
7813775,5,6301649710,LOVE IT THANK,1432339200,,13,3.6666666666666665
