,overall,asin,reviewText,unixReviewTime,vote,reviewLength,wordLength
7916994,5,B00003BE1O,The Women Are So Hot. You Wont Regret This Babe Fest.,1440201600,,53,3.909090909090909
7916995,5,B00003BE1O,I love it,1425686400,,9,2.3333333333333335
7916996,5,B00003BE1O,GOOD AND BEAUTIFUL,1423958400,,18,5.333333333333333
