,overall,asin,reviewText,unixReviewTime,vote,reviewLength,wordLength
7991664,5,B00009MEI2,"Verry well, I love this. BYE.  LU.",1518134400,,34,3.857142857142857
7991665,5,B00009MEI2,Old favourites!,1473120000,,15,7.0
7991666,5,B00009MEI2,very good,1410739200,,9,4.0
7991667,5,B00009MEI2,"Gary is one of a kind, excellent",1405382400,,32,3.7142857142857144
