,overall,asin,reviewText,unixReviewTime,vote,reviewLength,wordLength
8286034,5,B001C4Z666,great,1429833600,,5,5.0
8286035,5,B001C4Z666,This movie is awful and I love all 88(-ish) minutes of it!,1424304000,,58,3.9166666666666665
8286036,5,B001C4Z666,one of the best,1412640000,,15,3.0
8286037,5,B001C4Z666,Very good Thank you very much!!!!!!!,1407024000,,36,5.166666666666667
