,overall,asin,reviewText,unixReviewTime,vote,reviewLength,wordLength
8265036,5,B00176I9PE,one of my favorites,1521763200,,19,4.0
8265037,5,B00176I9PE,Yes it did,1517184000,,10,2.6666666666666665
8265038,5,B00176I9PE,Excellent movie if you like action and unexpected turns.,1487116800,,56,5.333333333333333
8265039,1,B00176I9PE,This was Hitman and not Hitmam 47,1458864000,,33,3.857142857142857
8265040,5,B00176I9PE,Excellent,1433289600,,9,9.0
