,overall,asin,reviewText,unixReviewTime,vote,reviewLength,wordLength
8243764,5,B00124OB0I,Great movie!  Eric Louzil is a fantastic cult movie director.  Lots of fun!,1474416000,,75,4.6923076923076925
8243765,5,B00124OB0I,Troma for life!!,1468540800,,16,4.666666666666667
8243766,5,B00124OB0I,Good Movie,1452211200,,10,4.5
8243767,5,B00124OB0I,Thanks,1428364800,,6,6.0
8243768,5,B00124OB0I,Thanks,1424649600,,6,6.0
8243769,5,B00124OB0I,It's a troma film. Go in with the proper expectations and you will not be let down!,1422921600,2,83,3.9411764705882355
8243770,5,B00124OB0I,Wonderful cult classic!,1409616000,,23,7.0
