,overall,asin,reviewText,unixReviewTime,vote,reviewLength,wordLength
8271878,4,B00194OV2E,Love it. Wish it had subtitles.,1512345600,,31,4.333333333333333
8271879,4,B00194OV2E,very pleased,1486684800,,12,5.5
8271880,3,B00194OV2E,Not as funny as I remember.,1431561600,,27,3.6666666666666665
