,overall,asin,reviewText,unixReviewTime,vote,reviewLength,wordLength
8253074,5,B0013U4RS2,Great British cast,1437350400,,18,5.333333333333333
8253075,3,B0013U4RS2,"Good, Okay Seller.",1408838400,,18,5.333333333333333
