,overall,asin,reviewText,unixReviewTime,vote,reviewLength,wordLength
8411599,4,B00402FGLC,ok,1488844800,,2,2.0
8411600,5,B00402FGLC,Husband loved it,1482451200,,16,4.666666666666667
8411601,4,B00402FGLC,Bought it because of the movie with Waylon in it. I just love the man. He's an icon of country music an outlaw legend.,1461024000,,118,3.9583333333333335
8411602,5,B00402FGLC,great MOVIE.,1457913600,,12,5.5
8411603,5,B00402FGLC,Good sets of movies.,1453593600,,20,4.25
8411604,5,B00402FGLC,nan,1451952000,,3,3.0
8411605,4,B00402FGLC,A bit confusing at times. But Keith Carradine is really cute.,1435449600,,61,4.636363636363637
8411606,5,B00402FGLC,ex value for $,1434499200,,14,2.75
8411607,5,B00402FGLC,Great films and a great price,1423008000,2,29,4.0
