,overall,asin,reviewText,unixReviewTime,vote,reviewLength,wordLength
5188659,5,B008XAT168,Great product and company,1416787200,,25,5.5
5188660,3,B008XAT168,good,1415836800,,4,4.0
5188661,5,B008XAT168,good,1414713600,,4,4.0
8531802,5,B008XAT168,"In good working order, good picture and sound quality.",1498521600,,54,5.111111111111111
8531803,5,B008XAT168,Very Happy,1470355200,,10,4.5
8531804,5,B008XAT168,Great movie,1461888000,,11,5.0
8531805,3,B008XAT168,Messenger combination is worst Horror movie with crappie story worst combination,1436054400,,80,6.363636363636363
8531806,5,B008XAT168,Great,1435017600,,5,5.0
8531807,5,B008XAT168,Verr good.  Recommended.  Thanks.,1431129600,,33,7.0
8531808,4,B008XAT168,Item as described,1430265600,,17,5.0
8531809,3,B008XAT168,Great set!!,1430006400,,11,5.0
8531810,4,B008XAT168,"These are not my very favorite movies but, when you can get both of them for very little, in blu ray...go for it.",1429747200,,113,3.9565217391304346
8531811,4,B008XAT168,Good Double Feature... Both HiDef movies are on one blu-ray disc.  Each movie can be converted to uv HD.,1420416000,,104,4.473684210526316
