,overall,asin,reviewText,unixReviewTime,vote,reviewLength,wordLength
8529860,5,B008R52L9S,THANKS,1528329600,,6,6.0
8529861,5,B008R52L9S,The wolfs smashing.,1454371200,,19,5.666666666666667
8529862,5,B008R52L9S,very good and entertaining,1429747200,,26,5.75
8529863,5,B008R52L9S,Great family movies.  Scenery was breathtaking.,1428105600,,47,6.833333333333333
