,overall,asin,reviewText,unixReviewTime,vote,reviewLength,wordLength
8559523,5,B00AZCD118,This was a time when adult films were feature films; not just sex scenes. A good film.,1509926400,,86,4.117647058823529
8559524,5,B00AZCD118,AAA+++,1498521600,,6,6.0
8559525,5,B00AZCD118,Memories of my youth. When life was less complicated.,1497571200,,53,5.0
8559526,3,B00AZCD118,Not as good as Volume One,1492732800,,25,3.3333333333333335
8559527,5,B00AZCD118,verry good,1465776000,,10,4.5
8559528,5,B00AZCD118,I love it.,1433894400,,10,2.6666666666666665
