,overall,asin,reviewText,unixReviewTime,vote,reviewLength,wordLength
8563062,4,B00B5VOKR2,Great,1504569600,,5,5.0
8563063,5,B00B5VOKR2,Good videos,1501286400,,11,5.0
8563064,5,B00B5VOKR2,Grandson loves it!,1496534400,,18,5.333333333333333
8563065,5,B00B5VOKR2,awesome,1491091200,,7,7.0
8563066,5,B00B5VOKR2,As expected.,1490832000,,12,5.5
8563067,5,B00B5VOKR2,My grandson loves the DVD,1483142400,,25,4.2
8563068,5,B00B5VOKR2,Excellent,1463616000,,9,9.0
8563069,4,B00B5VOKR2,"My kids enjoyed the stories, helped explain the bible.",1452643200,2,54,5.111111111111111
8563070,5,B00B5VOKR2,The children loved it!! We used for the smaller children (birth to 5) doing vacation bible school.,1406678400,5,98,4.823529411764706
