,overall,asin,reviewText,unixReviewTime,vote,reviewLength,wordLength
8588954,5,B00D3FZ0M2,The enviciara.,1460505600,,14,6.5
8588955,1,B00D3FZ0M2,No English subtitles!,1434585600,,21,6.333333333333333
8588956,5,B00D3FZ0M2,The product arrived in perfect conditions.,1420675200,,42,6.166666666666667
8588957,5,B00D3FZ0M2,Excellent mini series,1413676800,,21,6.333333333333333
8588958,5,B00D3FZ0M2,The first season is on Hulu.  Really great.,1409702400,3,43,4.375
