,overall,asin,reviewText,unixReviewTime,vote,reviewLength,wordLength
8613689,5,B00FA96C3K,Seagalllllllllll!,1527206400,,17,17.0
8613690,5,B00FA96C3K,LOVE STEVEN SEAGAL,1505606400,,18,5.333333333333333
8613691,5,B00FA96C3K,I like all Steven Seagal movies,1504396800,,31,4.333333333333333
8613692,5,B00FA96C3K,Action packed seagal movie,1497571200,,26,5.75
8613693,5,B00FA96C3K,this movie is a steven seagal cop movie some wat good,1496793600,,53,3.909090909090909
8613694,5,B00FA96C3K,Great,1496620800,,5,5.0
