,overall,asin,reviewText,unixReviewTime,vote,reviewLength,wordLength
8641248,5,B00IDDJJ4E,favorite action actor,1531526400,,21,6.333333333333333
8641249,4,B00IDDJJ4E,good,1515456000,,4,4.0
8641250,4,B00IDDJJ4E,Good Action movies.,1508198400,,19,5.666666666666667
8641251,5,B00IDDJJ4E,Excellent movie.love it.,1481846400,,24,7.333333333333333
8641252,5,B00IDDJJ4E,"Love Nowhere to Run, the Dvd is fine, thanks.",1465084800,,45,4.111111111111111
8641253,5,B00IDDJJ4E,Liked very much,1444348800,,15,4.333333333333333
