,overall,asin,reviewText,unixReviewTime,vote,reviewLength,wordLength
8649509,4,B00JB08HLO,it was ok,1487980800,,9,2.3333333333333335
8649510,4,B00JB08HLO,Really good movie.,1486944000,,18,5.333333333333333
8649511,2,B00JB08HLO,The acting was not good at all. The story line wasn't good either. I couldn't watch the whole movie.,1485388800,,100,4.315789473684211
8649512,5,B00JB08HLO,Funny!,1482883200,,6,6.0
8649513,5,B00JB08HLO,"Nice ""indie"" movie",1472774400,,18,5.333333333333333
