,overall,asin,reviewText,unixReviewTime,vote,reviewLength,wordLength
8654930,5,B00K0PIOQC,Yes it did,1493683200,,10,2.6666666666666665
8654931,5,B00K0PIOQC,A Must have.,1491264000,,12,3.3333333333333335
