,overall,asin,reviewText,unixReviewTime,vote,reviewLength,wordLength
8664498,2,B00L905456,"very poor quality recording,very grainy",1500940800,,39,7.0
8664499,3,B00L905456,"It's ok, could have been better.",1484179200,,32,4.5
8664500,5,B00L905456,I loved it.. Told about his dark side well.,1478044800,,43,3.888888888888889
8664501,5,B00L905456,very interesting dvd on mR. cashs life,1454198400,,38,4.571428571428571
8664502,5,B00L905456,great movie,1437523200,,11,5.0
8664503,4,B00L905456,Loved it!!,1434585600,,10,4.5
