,overall,asin,reviewText,unixReviewTime,vote,reviewLength,wordLength
8681215,5,B00O11XWGS,Funny movie !,1464048000,,13,3.6666666666666665
8681216,5,B00O11XWGS,Good,1461196800,,4,4.0
8681217,5,B00O11XWGS,"Came as promised, and in great condition",1434672000,,40,4.857142857142857
8681218,5,B00O11XWGS,It's good enough!,1423267200,,17,5.0
