,overall,asin,reviewText,unixReviewTime,vote,reviewLength,wordLength
8710556,5,B00VM5I112,Great stuff!,1517702400,,12,5.5
8710557,1,B00VM5I112,"Terrible movie. Everything is bad. Acting, plot, camera angles. A waste of time.",1473206400,,80,5.230769230769231
8710558,2,B00VM5I112,not very good,1462665600,,13,3.6666666666666665
8710559,5,B00VM5I112,Good movie,1454371200,,10,4.5
8710560,1,B00VM5I112,Horrible,1448323200,,8,8.0
8710561,4,B00VM5I112,Entertaining and heartfelt movie.,1448064000,,33,7.5
8710562,5,B00VM5I112,"Entertaining movie with great scenery, and
Engaging story .",1439251200,,59,5.666666666666667
