,overall,asin,reviewText,unixReviewTime,vote,reviewLength,wordLength
8712681,5,B00WAJ8TY8,Movie came in original packaging.,1484352000,,33,5.8
8712682,5,B00WAJ8TY8,Gift..she loved it,1482624000,,18,5.333333333333333
8712683,5,B00WAJ8TY8,Great family movies,1478304000,,19,5.666666666666667
8712684,4,B00WAJ8TY8,My grandson loved all these movies and i liked the price.,1474675200,,57,4.2727272727272725
8712685,5,B00WAJ8TY8,remarklable and funny,1470268800,,21,6.333333333333333
8712686,5,B00WAJ8TY8,Way better than the Revenant,1469145600,2,28,4.8
