,overall,asin,reviewText,unixReviewTime,vote,reviewLength,wordLength
8729687,5,B0145JUW7M,Funny,1525996800,,5,5.0
8729688,5,B0145JUW7M,Works as described.,1498176000,,19,5.666666666666667
8729689,5,B0145JUW7M,Excellent,1493683200,,9,9.0
8729690,5,B0145JUW7M,it was a gift for my daughter and she just loves it.,1488672000,,52,3.4166666666666665
