,overall,asin,reviewText,unixReviewTime,vote,reviewLength,wordLength
8730379,4,B014DMSN5O,good,1496188800,,4,4.0
8730380,5,B014DMSN5O,Wife loves it,1482192000,,13,3.6666666666666665
8730381,3,B014DMSN5O,I was disappointed in the song selections.,1458604800,,42,5.142857142857143
8730382,5,B014DMSN5O,My parents love these DVD's!,1453939200,,28,4.8
8730383,5,B014DMSN5O,Exactly as expected,1453680000,,19,5.666666666666667
