,overall,asin,reviewText,unixReviewTime,vote,reviewLength,wordLength
8729807,5,B0145Y2HP2,Great value,1496361600,,11,5.0
8729808,1,B0145Y2HP2,not worth it you can get it for 13 dollars each,1482019200,,47,3.3636363636363638
8729809,5,B0145Y2HP2,was a gift,1481846400,,10,2.6666666666666665
