,overall,asin,reviewText,unixReviewTime,vote,reviewLength,wordLength
8735220,5,B0160613YO,This is a very funny movie. A must have to add to your collections.,1458518400,,67,3.857142857142857
8735221,4,B0160613YO,I had an issue with my copy.  It pixelated at the beginning of the movie.,1449446400,,73,3.8666666666666667
8735222,5,B0160613YO,Product received as expected.,1449273600,,29,6.5
8735223,5,B0160613YO,It was great!,1448668800,,13,3.6666666666666665
8735224,2,B0160613YO,It's ok,1447977600,,7,3.0
