,overall,asin,reviewText,unixReviewTime,vote,reviewLength,wordLength
8737599,1,B016Z36U72,DVD does not work. Disc error.  Please send me return label.,1500681600,,60,4.454545454545454
8737600,3,B016Z36U72,Not as funny as her other one.,1471478400,,30,3.4285714285714284
8737601,1,B016Z36U72,not funny,1471219200,,9,4.0
8737602,5,B016Z36U72,Funny.  Clean.,1453334400,,14,6.0
