,overall,asin,reviewText,unixReviewTime,vote,reviewLength,wordLength
8735834,5,B0168I7PSW,I enjoy this serie so much!,1514851200,,27,3.6666666666666665
8735835,5,B0168I7PSW,it was very good,1494633600,,16,3.25
8735836,5,B0168I7PSW,Everything,1469664000,,10,10.0
8735837,5,B0168I7PSW,Great,1461542400,,5,5.0
8735838,5,B0168I7PSW,"Birthday present for husband, he is thrilled",1455494400,,44,5.428571428571429
