,overall,asin,reviewText,unixReviewTime,vote,reviewLength,wordLength
8738842,5,B017E23MME,Great comedy!,1470614400,,13,6.0
8738843,4,B017E23MME,Not so bossy!,1469836800,,13,3.6666666666666665
8738844,4,B017E23MME,Add to my collection of movies,1462752000,,30,4.166666666666667
8738845,5,B017E23MME,I love the Toni and Coco tandem... Worth buying.,1456876800,,48,4.444444444444445
8738846,5,B017E23MME,nan,1454716800,,3,3.0
8738847,5,B017E23MME,Wife love it.,1449446400,,13,3.6666666666666665
