,overall,asin,reviewText,unixReviewTime,vote,reviewLength,wordLength
8749291,1,B01B53OKRO,waste money,1530662400,,11,5.0
8749292,1,B01B53OKRO,Zero stars. So bad I turned it off after ten minutes. Terrible.,1516579200,,63,4.333333333333333
8749293,3,B01B53OKRO,Waste of money...The 1st one was better!,1478908800,,40,4.857142857142857
8749294,1,B01B53OKRO,This movie is horrible....don't bother. I couldn't even finish.,1470700800,3,63,6.111111111111111
8749295,5,B01B53OKRO,Thanks,1468454400,,6,6.0
8749296,3,B01B53OKRO,It was ok,1465257600,,9,2.3333333333333335
8749297,1,B01B53OKRO,Not good!,1464566400,,9,4.0
