,overall,asin,reviewText,unixReviewTime,vote,reviewLength,wordLength
8756484,5,B01DO01DMG,i like it.,1486857600,,10,2.6666666666666665
8756485,5,B01DO01DMG,i like it.,1486857600,,10,2.6666666666666665
