,overall,asin,reviewText,unixReviewTime,vote,reviewLength,wordLength
8231754,5,B000YBJ8WG,Great,1480723200,,5,5.0
8231755,5,B000YBJ8WG,Good movie,1466467200,,10,4.5
8231756,5,B000YBJ8WG,awsome,1437264000,,6,6.0
8231757,5,B000YBJ8WG,Wonderful,1419811200,,9,9.0
8231758,5,B000YBJ8WG,"i  recive  on time  very  good  qualyti  exelente  services  tks

i  lake  t ks",1407542400,,79,3.9285714285714284
8231759,4,B000YBJ8WG,Very Good Bang For My Buck!,1406160000,,27,3.6666666666666665
