,overall,asin,reviewText,unixReviewTime,vote,reviewLength,wordLength
8275578,4,B0019X3ZPE,I like it,1453852800,,9,2.3333333333333335
8275579,3,B0019X3ZPE,funny for wives,1438992000,,15,4.333333333333333
