,overall,asin,reviewText,unixReviewTime,vote,reviewLength,wordLength
8248436,5,B0012YYZCC,one of my favorites,1521763200,,19,4.0
8248437,5,B0012YYZCC,Yes it did,1517184000,,10,2.6666666666666665
8248438,5,B0012YYZCC,Excellent movie if you like action and unexpected turns.,1487116800,,56,5.333333333333333
8248439,1,B0012YYZCC,This was Hitman and not Hitmam 47,1458864000,,33,3.857142857142857
8248440,5,B0012YYZCC,Excellent,1433289600,,9,9.0
