,overall,asin,reviewText,unixReviewTime,vote,reviewLength,wordLength
8472071,5,B005GP7EH6,I love these kind of shows,1505088000,,26,3.5
8472072,5,B005GP7EH6,Son loved it,1496707200,,12,3.3333333333333335
8472073,5,B005GP7EH6,Really good series.,1492300800,,19,5.666666666666667
