,overall,asin,reviewText,unixReviewTime,vote,reviewLength,wordLength
8678704,5,B00NJPZZAS,I like DVD,1482969600,,10,2.6666666666666665
8678705,5,B00NJPZZAS,Excellent concert along with excellent guest artist. Worth the purchase.,1469145600,,72,6.3
8678706,5,B00NJPZZAS,It worked like new I love ir,1466208000,,28,3.142857142857143
8678707,5,B00NJPZZAS,Wonderful!,1454889600,,10,10.0
8678708,5,B00NJPZZAS,just love it,1437436800,,12,3.3333333333333335
8678709,5,B00NJPZZAS,Love it,1428278400,,7,3.0
8678710,5,B00NJPZZAS,OUTSTANDING!,1426464000,,12,12.0
8678711,2,B00NJPZZAS,It wasn't what I was expected!!,1426464000,,31,4.333333333333333
8678712,5,B00NJPZZAS,great!,1420761600,,6,6.0
8678713,5,B00NJPZZAS,Awesome! Good songs!,1419897600,,20,6.0
