,overall,asin,reviewText,unixReviewTime,vote,reviewLength,wordLength
8690691,5,B00Q7H67O8,i love it,1447372800,,9,2.3333333333333335
8690692,5,B00Q7H67O8,I liked this,1438819200,,12,3.3333333333333335
8690693,5,B00Q7H67O8,Love it,1438214400,,7,3.0
8690694,5,B00Q7H67O8,Delivered on time. Son loves it!,1437696000,,32,4.5
