,overall,asin,reviewText,unixReviewTime,vote,reviewLength,wordLength
8708598,5,B00UW85ZN2,Kids love it.,1522627200,,13,3.6666666666666665
8708599,5,B00UW85ZN2,Love The Movie it came on time and it works great,1510704000,,49,3.5454545454545454
8708600,4,B00UW85ZN2,good movie,1493942400,,10,4.5
8708601,5,B00UW85ZN2,My daughter loved it.,1484265600,,21,4.5
8708602,5,B00UW85ZN2,Good choice,1482537600,,11,5.0
8708603,5,B00UW85ZN2,"Awesome and as Expected, Great Price!",1479427200,,37,5.333333333333333
8708604,5,B00UW85ZN2,my son loves this movie,1466035200,,23,3.8
8708605,5,B00UW85ZN2,Seeing someone home in a different way and respecting it well!,1461542400,,62,4.7272727272727275
8708606,5,B00UW85ZN2,This movie was good.,1459468800,,20,4.25
