,overall,asin,reviewText,unixReviewTime,vote,reviewLength,wordLength
8726746,5,B012YPV0CU,5 great movies in one pack.,1529539200,,27,3.6666666666666665
8726747,5,B012YPV0CU,Great collection,1528243200,,16,7.5
8726748,5,B012YPV0CU,ok,1526601600,,2,2.0
8726749,5,B012YPV0CU,Great memories!,1522627200,,15,7.0
8726750,5,B012YPV0CU,Great movies!!!,1520467200,,15,7.0
8726751,5,B012YPV0CU,hard not to love,1516665600,,16,3.25
8726752,5,B012YPV0CU,Good value for the money!,1515369600,,25,4.2
8726753,5,B012YPV0CU,Great movies from a great time. Individual CD for each movie.,1510617600,,61,4.636363636363637
8726754,5,B012YPV0CU,Hilarious and fun collection. All the discs are perfect and play well.,1480982400,,70,4.916666666666667
8726755,5,B012YPV0CU,"Can't wait to watch these, thanks!",1471996800,,34,4.833333333333333
