,overall,asin,reviewText,unixReviewTime,vote,reviewLength,wordLength
8756285,1,B01DL6PBIU,Too bad to see many movies. Worst video quality.,1537488000,,48,4.444444444444445
8756286,5,B01DL6PBIU,good,1537228800,,4,4.0
8756287,5,B01DL6PBIU,Pretty good haven't had time to watch the second half and fast delivery thanks,1525305600,2,78,4.642857142857143
8756288,5,B01DL6PBIU,I like the movie,1522972800,2,16,3.25
8756289,1,B01DL6PBIU,Bad movie collection,1520812800,2,20,6.0
8756290,5,B01DL6PBIU,Great movie,1504396800,3,11,5.0
8756291,5,B01DL6PBIU,Well pleased.,1504310400,4,13,6.0
8756292,5,B01DL6PBIU,Fun,1503100800,4,3,3.0
8756293,4,B01DL6PBIU,Good if you like old films.,1473465600,5,27,3.6666666666666665
