overall,reviewLength,reviewYear
1.0,853.6364870982345,2008.9290780141844
2.0,1134.94033680834,2008.9233360064154
3.0,1121.4702271821443,2009.220645675568
4.0,1105.6606263048018,2009.1668893528183
5.0,788.1693015386243,2009.9124059289024
