overall,reviewLength,reviewYear
1,808.411836485662,2008.954850518609
2,1083.835451080051,2008.9027954256671
3,1103.1751167444963,2009.2291527685124
4,1079.6013916500995,2009.1671636845592
5,759.4532116532116,2009.9188487188487