,Unnamed: 0,overall,unixReviewTime,vote,reviewLength,wordLength,reviewCount,totalVote
1,0005089549,5.0,1349154514.2857144,1.5714285714285714,195.28571428571428,4.399389352388161,14.0,22.0
15680,B0001VL0KC,3.546309766269033,1339091805.178935,10.608961303462321,370.03801765105226,4.5925506204142685,10311.0,109389.0
56721,B00YSG2ZPA,4.913347992507534,1428165923.0881994,0.2623177783207102,133.2369492629693,5.155686956018359,24558.0,6442.0
66397,630450005X,2.0,960854400.0,105.0,644.0,4.38655462184874,1.0,105.0
143825,B0062BQRJY,5.0,1514332800.0,0.0,65.0,65.0,1.0,0.0
180932,B01EDDD8VW,4.0,1464480000.0,0.0,30025.0,4.99859691320906,1.0,0.0
